{"cameraMode":{"drawMode":0,"name":"Shaded","section":"Shading Mode"},"sceneLighting":true,"audioPlay":false,"sceneViewState":{"showFog":true,"showMaterialUpdate":false,"showSkybox":true,"showFlares":true,"showImageEffects":true,"showParticleSystems":true},"in2DMode":false,"pivot":{"x":947.5372924804688,"y":645.477294921875,"z":-177.15655517578126},"rotation":{"x":-0.017687063664197923,"y":-0.015322771854698658,"z":-0.0002813580213114619,"w":0.9997552633285523},"size":1214.736328125,"orthographic":false}