{"cameraMode":{"drawMode":0,"name":"Shaded","section":"Shading Mode"},"sceneLighting":true,"audioPlay":false,"sceneViewState":{"showFog":true,"showMaterialUpdate":false,"showSkybox":true,"showFlares":true,"showImageEffects":true,"showParticleSystems":true},"in2DMode":false,"pivot":{"x":2.160374164581299,"y":6.077089309692383,"z":-13.116412162780762},"rotation":{"x":-0.06455156207084656,"y":0.6955091953277588,"z":-0.0629827007651329,"w":-0.7128348350524902},"size":2.857884645462036,"orthographic":false}